,Heading,Subtitle,Author,Narrator,Duration,Released_Date,Language,Rating,Rating_count
0,You Are the Best Wife,A true love story,Ajay K. Pandey,Shlok Menon,449,09-01-17,English,4.5,520
1,Gateway,"Expeditionary Force, Book 18",Craig Alanson,R.C. Bray,1166,29-04-25,English,No Rating,No Ratings_count
2,The Commonsense Diet,No Subtitle,Rujuta Diwekar,Nayan S. Parekh,342,24-04-25,English,No Rating,No Ratings_count
3,21 Shreshth Kahaniyan Prem Chand (Hindi Edition),No Subtitle,Munshi Premchand,Avdhesh Tondak,464,19-07-21,Hindi,5,197
4,"The Sandman, Act I (Hindi Edition)",No Subtitle,"Neil Gaiman, Dirk Maggs","Tabu, Vijay Varma, Manoj Bajpayee, Sushant Divgikar, Adarsh Gourav, Neeraj Kabi, Kubbra Sait, Tillotama Shome, full cast",663,27-04-22,Hindi,4.5,424
5,Gaban [Embezzlement],No Subtitle,Munshi Premchand,Sameer Goswami,696,21-02-22,Hindi,4.5,139
6,The Quick and Easy Way to Effective Speaking,No Subtitle,Dale Carnegie,Avinash Kumar Singh,399,14-06-18,English,4.5,84
7,The Art of Influencing People,No Subtitle,Virender Kapoor,Rajat Verman,NA,03-05-18,English,4,142
8,Complete Chanakya Neeti,No Subtitle,R.P. Jain,Nathan Dcosta,NA,22-07-21,English,4.5,328
9,Art of Seduction,An Indispensible Primer on the Ultimate Form of Power,Robert Greene,Joseph Powers,1371,01-05-15,English,4.5,156
10,Great Big Beautiful Life,No Subtitle,Emily Henry,Julia Whelan,727,22-04-25,English,4.5,2
11,My Experiments with Truth,No Subtitle,Mohandas K. Gandhi,Surjan Singh,1151,14-10-21,English,4.5,82
12,The Twisted Women's Book Club,No Subtitle,"Karin Slaughter, Lee Child, B.A. Paris, Caroline Kepnes, Oyinkan Braithwaite, Sarah Pekkanen, Linwood Barclay, Naomi Hirahara, K. J. Howe, Robert Dugoni, Alison Gaylin, Heather Gudenkauf, Shari Lapena, Clare Mackintosh, Stacy Willingham","January LaVoy, Andi Arndt, Saskia Maarleveld, Kathleen Early, full cast",649,10-04-25,English,No Rating,No Ratings_count
13,Ramayana Banaam Mahabharata [Ramayana vs. Mahabharata],Meri Drishti Se Ek Rochak Tulna [An Interesting Comparison from My Point of View],Devdutt Pattanaik,Sarvesh Vyas,379,26-02-20,Hindi,4.5,58
14,The Blue Umbrella,No Subtitle,Ruskin Bond,Adnan Kapadia,NA,01-01-17,English,4.5,535
15,Satya Ke Sath Mere Prayog [My Experiment with Truth],Meri Atmakatha [My Autobiography],M. K. Gandhi,Babla Kochhar,1374,25-06-19,Hindi,4.5,257
16,Embrace Discomfort,Lean Into Challenge to Improve Your Life,Michael Easter,Michael Easter,271,24-04-25,English,No Rating,No Ratings_count
17,Why I Am an Atheist and Other Works,No Subtitle,Bhagat Singh,Siddhanta Pinto,NA,08-04-20,English,4.5,401
18,HBR Guide to Thinking Strategically,HBR Guide,Harvard Business Review,Daniel Henning,352,08-04-25,English,No Rating,No Ratings_count
19,Tales of Vishnu,No Subtitle,Amar Chitra Katha Pvt Ltd.,Swastishree Sharma,NA,14-04-25,English,4.5,3
20,Mahabharat Katha [Mahabharata Story],No Subtitle,Amritlal Nagar,Mala Mangla,641,14-10-21,Hindi,4.5,131
21,Forge Your Future,No Subtitle,A. P. J. Kalam,Errol Rodrigues,337,01-11-18,English,4.5,47
22,Agentic Artificial Intelligence,"Harnessing AI Agents to Reinvent Business, Work and Life","Pascal Bornet, Jochen Wirtz, Thomas H. Davenport, David De Cremer, Brian Evergreen, Phil Fersht, Rakesh Gohel, Shail Khiyara, Nandan Mullakara, Pooja Sund",Rory Young,882,26-03-25,English,No Rating,No Ratings_count
23,Pride and Prejudice,No Subtitle,Jane Austen,Rosamund Pike,695,08-12-15,English,5,553
24,Sunderkand (Hindi Edition),No Subtitle,Goswami Tulsidas,Neeraj Yadav,203,25-10-22,Hindi,5,170
25,Why I Am a Hindu,No Subtitle,Shashi Tharoor,Andrew Hoffland,782,12-05-23,English,4,104
26,Life Is What Matters,It's Time to Be Happy Again,Alka Dixit,Iyer Seetal,281,05-10-18,English,4.5,25
27,Burn for Me (Dramatized Adaptation),"Hidden Legacy, Book 1",Ilona Andrews,"Julian Dailey, LaMont Ridgell, Marissa Clay, Wyn Delano, Eva Wilhelm, Zura Johnson, Peter Stanley, Henry W. Kramer, Ian Putnam, Nanette Savard, Ryan Haugen, full cast",555,25-04-25,English,No Rating,No Ratings_count
28,Power,Why Some People Have It—and Others Don't,Jeffrey Pfeffer,Rick Adamson,484,29-09-20,English,No Rating,No Ratings_count
29,Valmiki Ramayan (Hindi Edition),No Subtitle,Valmiki,Ashwini Walia,437,15-06-22,Hindi,4.5,250
30,Shiv Puran (Hindi Edition),No Subtitle,Dr. Vinay,Neeraj Yadav,474,19-07-21,Hindi,5,241
31,Neuromarketing,Understanding the Buy Buttons in Your Customer's Brain,"Patrick Renvoise, Christophe Morin",Alan Taylor,312,09-11-21,English,No Rating,No Ratings_count
32,Think and Grow Rich,No Subtitle,Napoleon Hill,Erik Synnestvedt,575,16-10-07,English,4.5,96
33,Moral Ambition,Stop Wasting Your Talent and Start Making a Difference,Rutger Bregman,"Boris Hiestand, Rutger Bregman",355,24-04-25,English,No Rating,No Ratings_count
34,Sahaj Yog,No Subtitle,OSHO,OSHO,2230,26-05-17,Hindi,5,77
35,My Gita,No Subtitle,Devdutt Pattanaik,Vivek Madan,375,01-01-17,English,4.5,"1,179"
36,How to Talk to Anyone (Hindi Edition),92 Little Tricks for Big Success,Leil Lowndes,Priyanka Bhandari,619,15-12-24,Hindi,4.5,11
37,His Replaced Bride (Hindi Edition),No Subtitle,Kajal Sharma,Chaitali Gupta,844,11-02-22,Hindi,4.5,209
38,The Naga Warriors 2,"The Naga Warriors, Book 2",AKSHAT GUPTA,Debajit Saikia,545,15-04-25,English,No Rating,No Ratings_count
39,"Influence, New and Expanded",The Psychology of Persuasion,Robert B. Cialdini,Robert B. Cialdini,1243,04-05-21,English,No Rating,No Ratings_count
40,"30 Days - Change Your Habits, Change Your Life",A Couple of Simple Steps Every Day to Create the Life You Want,Marc Reklau,Derek Doepker,252,15-01-17,English,4.5,124
41,Breath By Breath,The Liberating Practice of Insight Meditation,"Larry Rosenberg, David Guy, Jon Kabat-Zinn - foreward",Edoardo Ballerini,453,09-12-14,English,4.5,29
42,Garden of Sanctuary,"The Wandering Inn, Book 15",pirateaba,Andrea Parsneau,1873,01-04-25,English,No Rating,No Ratings_count
43,Chanakya,No Subtitle,Amar Chitra Katha Pvt Ltd.,Abhishek Sharma,NA,14-04-25,English,No Rating,No Ratings_count
44,101 Essays That Will Change the Way You Think,No Subtitle,Brianna Wiest,Abby Craden,645,21-08-18,English,4.5,181
45,Meri Gita,No Subtitle,Devdutt Pattanaik,Ajay Raj Tomar,459,04-10-17,Hindi,4.5,331
46,Tell Me Lies,No Subtitle,J. P. Pomare,Aimee Horne,380,05-03-20,English,4.5,199
47,The 10X Rule,The Only Difference Between Success and Failure,Grant Cardone,Grant Cardone,444,19-07-11,English,4.5,"1,401"
48,The Mind-Gut Connection,"How the Hidden Conversation Within Our Bodies Impacts Our Mood, Our Choices, and Our Overall Health",Emeran Mayer,Tom Parks,597,01-02-22,English,No Rating,No Ratings_count
49,The Woman in White,No Subtitle,Wilkie Collins,Ian Holm,1477,27-08-10,English,4.5,43
50,How to Stop Worrying and Start Living,No Subtitle,Dale Carnegie,Avinash Kumar Singh,582,11-07-18,English,4.5,369
51,A Selection of the Cases of Sherlock Holmes,No Subtitle,Arthur Conan Doyle,Ashish Sen,295,23-08-17,English,4.5,48
52,Resilience,HBR Emotional Intelligence Series,Harvard Business Review,"Daniel Henning, Rachel Perry",124,22-12-20,English,4.5,69
53,Conquering Crisis,Ten Lessons to Learn Before You Need Them,Admiral William H. McRaven,Admiral William H. McRaven,279,22-04-25,English,No Rating,No Ratings_count
54,Hotel,No Subtitle,Arthur Hailey,Chris Abernathy,917,17-03-20,English,4.5,58
55,Still Hung Up on You,No Subtitle,Liz Maverick,"Andrew Eiden, Luci Christian Bell",148,14-09-23,English,4.5,94
56,A Fistful of Love,Wisdom and Humour from a Monk’s Bowl,Om Swami,Jagdish Raja,411,05-08-19,English,5,138
57,A Tale of Two Cities,A Story of the French Revolution,Charles Dickens,Swetanshu Bora,853,09-12-19,English,5,11
58,Peevat Ram Ras Lagi Khumari,No Subtitle,OSHO,OSHO,812,26-05-17,Hindi,4.5,13
59,Chandrakanta (Hindi Edition),No Subtitle,Devki Nandan Khatri,Manish Singhal,761,19-07-21,Hindi,4.5,63
60,Dharmayoddha Kalki: Avatar of Vishnu,"Kalki Trilogy, Book 1",Kevin Missal,Manish Dongardive,754,14-10-21,English,4,288
61,Dealing with Difficult People,HBR Emotional Intelligence Series,Harvard Business Review,"Mike Lenz, Eleanor McCormick",107,08-09-22,English,4.5,74
62,The Power of Your Subconscious Mind,No Subtitle,Dr. Joseph Murphy,Sean Pratt,477,15-11-16,English,4.5,202
63,Offside,"Rules of the Game, Book 1",Avery Keelan,"Stella Bloom, Gabriel Spires",1060,16-05-23,English,4,28
64,Prem Panth Aiso Kathin,No Subtitle,OSHO,OSHO,1641,26-05-17,Hindi,5,22
65,Dracula,No Subtitle,Bram Stoker,"Patricia Allison, Rachel Atkins, Daisy Edgar-Jones, Jason Forbes, Theo James, Harry Myers, Himesh Patel, Jason Watkins, Richard Reed",1105,21-10-21,English,5,26
66,The Jane Austen Collection,An Audible Original Drama,Jane Austen,"Claire Foy, Gugu Mbatha-Raw, Billie Piper, Florence Pugh, Emma Thompson",NA,05-11-20,English,4.5,75
67,The Path of Love,Understanding That Nothing Is Perfect in Life,Osho,Osho,880,01-03-16,English,5,14
68,"Bulls, Bears and Other Beasts",A Story of the Indian Stock Market,Santosh Nair,Swetanshu Bora,668,18-01-22,English,4.5,726
69,Limitless (Hindi Edition),No Subtitle,Jim Kwik,Vinod Sharma,727,22-11-24,Hindi,4,11
70,Yogi Kathamrit (Ek Yogi Ki Atmakatha) [Autobiography of a Yogi],No Subtitle,Paramahansa Yogananda,Atul Kapoor,1207,27-12-23,Hindi,5,27
71,Do Epic Shit,No Subtitle,Ankur Warikoo,Ankur Warikoo,197,22-09-22,English,4,"1,685"
72,Es Dhammo Sanantano Vol. 1,No Subtitle,OSHO,OSHO,834,26-05-17,Hindi,5,30
73,An Elderly Lady Is Up to No Good,No Subtitle,"Helene Tursten, Marlaine Delargy - Translated by",Suzanne Toren,192,11-06-19,English,4.5,108
74,Her Last Wish,No Subtitle,Ajay K. Pandey,Sagar Arya,414,06-07-17,English,4.5,481
75,An Era of Darkness,The British Empire in India,Shashi Tharoor,Sagar Arya,746,26-01-17,English,4.5,288
76,Rise Above,"Overcome a Victim Mindset, Empower Yourself and Realise Your Full Potential",Dr Scott Barry Kaufman,Dr Scott Barry Kaufman,539,24-04-25,English,No Rating,No Ratings_count
77,Atomic Habits (Hindi Edition),"Chote Badlav, Asadharan Parinam",James Clear,Sandeep Bhatt,489,27-12-24,Hindi,5,13
78,Narmadayan (Marathi Edition),No Subtitle,Uday Nagnath,Sachin Suresh,487,09-03-23,Hindi,4.5,21
79,Dark Horse: Ek Ankahi Dastan (Hindi Edition),No Subtitle,Nilotpal Mrinal,Nilotpal Mrinal,373,03-11-20,Hindi,5,459
80,Geetanjali,No Subtitle,Ravindranath Tagore,Prakil Singh,228,14-10-21,Hindi,4,20
81,The Magic of Self-Respect,Awakening to Your Own Awareness,Osho,Osho,1756,22-08-16,English,5,60
82,Mad Love,No Subtitle,Wendy Walker,"Julia Whelan, Alexis Bledel, Renée Elise Goldsberry, Finn Wittrock, Damon Daunno, Elizabeth Evans",251,09-05-24,English,4.5,68
83,Utsav Amar Jati Anand Amar Gotra,No Subtitle,OSHO,OSHO,1071,26-05-17,Hindi,5,14
84,Dream With Your Eyes Open,An Entrepreneurial Journey,Ronnie Screwvala,Ronnie Screwvala,439,05-09-19,English,4.5,755
85,The 15 Success Principles for Self-Realization,Channeled Wisdom to Create Your Reality and Expand Your Perspective,Sara Landon,Sara Landon,500,15-04-25,English,No Rating,No Ratings_count
86,Twisted Hate,"Twisted, Book 3",Ana Huang,"Cindy Kay, Aiden Snow",NA,19-07-22,English,4.5,185
87,Night Train at Deoli (Hindi Edition),No Subtitle,Ruskin Bond,Mansi Multani,403,24-12-18,Hindi,4.5,41
88,Hit Singles,No Subtitle,"Octavia Bray, Sarah Shachat, Gabriel Urbina, Zach Valenti, Ellen Winter","Evangeline Young, full cast",339,10-04-25,English,No Rating,No Ratings_count
89,Critical Business Skills for Success,No Subtitle,"The Great Courses, Clinton O. Longenecker, Eric Sussman, Michael A. Roberto, Ryan Hamilton","Clinton O. Longenecker, Eric Sussman, Michael A. Roberto, Ryan Hamilton",1878,08-04-15,English,4.5,97
90,The Contract,No Subtitle,Melanie Moreland,"John Lane, Tatiana Sokolov",523,11-10-16,English,4.5,133
91,The Whistling Schoolboy and Other Stories of School Life,No Subtitle,Ruskin Bond,Adnan Kapadia,172,01-01-17,English,4.5,24
92,The Arrogant One,"The Weston Group, Book 1",Marni Mann,"Vanessa Edwin, Aiden Snow",522,24-04-25,English,No Rating,No Ratings_count
93,The Psychology of Money (Marathi Edition),No Subtitle,Morgan Housel,Sachin Suresh,530,12-09-23,Hindi,4.5,37
94,Rogue Protocol,"The Murderbot Diaries, Book 3",Martha Wells,Kevin R. Free,226,07-08-18,English,4.5,73
95,Call Me Maybe,No Subtitle,Cara Bastone,"Luci Christian, Neil Hellegers",355,20-10-20,English,4.5,811
96,The Magicians of Mazda (Hindi Edition),No Subtitle,Ashwin Sanghi,Kamal Sharma,1044,31-10-23,Hindi,5,21
97,Krishna Kunji [Krishna Key],No Subtitle,Ashwin Sanghi,Ganesh Divekar,911,07-02-18,Hindi,4.5,154
98,Vandargal Vendrargal,No Subtitle,Madhan,Charles K,763,14-01-08,Tamil,5,131
99,Kalki Puran (Hindi Edition),No Subtitle,Dr. Vinay,Avdhesh Tondak,370,19-07-21,Hindi,4.5,49
100,A Guide to Stress Free Living,No Subtitle,Om Swami,Om Swami,232,06-05-24,English,5,107
101,Upon an Old Wall Dreaming,More of My Favourite Stories and Sketches,Ruskin Bond,Sagar Arya,432,16-02-17,English,5,12
102,Think and Grow Rich (Marathi Edition),No Subtitle,Napoleon Hill,Pankaj Khamkar,491,26-09-23,Hindi,5,12
103,How to Say It: Words That Make a Difference,No Subtitle,"Allison Friederichs Atkison, The Great Courses",Allison Friederichs Atkison,284,14-07-22,English,4.5,143
104,Babylon Ka Sabse Ameer Aadami [The Richest Man in Babylon],No Subtitle,George S. Clason,Avdhesh Tondak,286,24-10-22,Hindi,4.5,184
105,House of Flame and Shadow (Part 2 of 2) (Dramatized Adaptation),"Crescent City, Book 3",Sarah J. Maas,"Patrick Boylan, Colleen Delany, Danny Gavigan, Kit Swann, Nick J. Russo, Danny Montooth, Debi Tinsley, Zura Johnson, Khaya Fraites, Devon Lexington, Jonathan David Bullock, full cast",782,16-04-25,English,No Rating,No Ratings_count
106,One Arranged Murder (Hindi Edition),No Subtitle,Chetan Bhagat,"Akshay Anand Kohli, Aakash Ahuja, Surjan Singh, Jasleen Bhalla, Pallavi Bharti, Babla Kochhar, Prashant Narula, Dishi Duggal, Poonam Srivastav, Shruti Bhola, Sanyam Sharma, Bethany Nair",340,07-03-25,Hindi,4.5,72
107,The Imperfect Murder,No Subtitle,"James Patterson, J.D. Barker",Peter Ganim,569,10-04-25,English,No Rating,No Ratings_count
108,Annihilation of Caste (Marathi Edition),No Subtitle,B. R. Ambedkar,Sagar Kadam,216,26-09-23,Hindi,5,14
109,What Is Life?,With Mind and Matter and Autobiographical Sketches,"Erwin Schrödinger, Roger Penrose - foreword",Bob Souer,368,22-01-19,English,4.5,24
110,Cross the Line,No Subtitle,Julie Johnson,Tatiana Sokolov,618,26-04-16,English,4,28
111,She Comes First,The Thinking Man's Guide to Pleasuring a Woman,Ian Kerner,Ian Kerner,275,26-12-04,English,No Rating,No Ratings_count
112,Freud Manovishleshan [Freud Psychoanalysis],No Subtitle,Sigmund Freud,Neeraj Yadav,1213,20-01-22,Hindi,5,6
113,Garuda Puran,No Subtitle,Dr. Vinay,Sarvesh Vyas,368,19-07-21,Hindi,4.5,129
114,Seatmate,"Love Lines, Book 3",Cara Bastone,"Amanda Ronconi, Zachary Webber, Josh Hurley, Carol Monda, Corey Allen, Allyson Johnson, Eric Yves Garcia, Tanya Eby, Dina Pearlman",310,24-03-22,English,4.5,377
115,Chanakya Aur Chandragupt [Chanakya and Chandragupta],No Subtitle,Rajender Pandya,Errol Rodrigues,NA,19-07-21,Hindi,4.5,182
116,The House in the Woods,"Atticus Priest, Book 1",Mark Dawson,Simon Vance,597,19-05-20,English,4.5,5
117,How to Achieve Financial Independence and Retire Early,No Subtitle,"JD Roth, The Great Courses",JD Roth,279,16-02-21,English,4.5,318
118,Antaryatra Ke Sutra (Hindi),No Subtitle,OSHO,OSHO,89,01-03-16,Hindi,5,41
119,No Excuses!,The Power of Self-Discipline for Success in Your Life,Brian Tracy,Brian Tracy,411,27-12-09,English,4.5,666
120,41 Anmol Kahaniya [41 Priceless Stories],No Subtitle,Premchand,Prachi Chaube,928,14-10-21,Hindi,4.5,52
121,The Jungle Book: The Mowgli Stories,No Subtitle,Rudyard Kipling,Peter Jeffrey,145,06-07-11,English,5,8
122,The Hobbit,No Subtitle,J. R. R. Tolkien,Martin Shaw,357,11-10-05,English,No Rating,No Ratings_count
123,H.G. Wells: The Science Fiction Collection,No Subtitle,H. G. Wells,"Hugh Bonneville, Jason Isaacs, Sophie Okonedo, David Tennant, Alexander Vlahos, Eli Roth - introduction",1635,11-04-19,English,4.5,60
124,Art of Stress Management (Rupa Quick Reads),No Subtitle,Sarvesh Gulati,Avinash Kumar Singh,76,06-11-17,English,4.5,32
125,Oversubscribed,How to Get People Lined Up to Do Business with You (2nd Edition),Daniel Priestley,Daniel Priestley,393,09-03-20,English,5,29
126,How to Win Friends and Influence People (Telugu Edition),No Subtitle,Dale Carnegie,Vishveshvar Rao,500,18-12-23,Telugu,5,11
127,Kautilya Arthshastra (Hindi Edition),No Subtitle,Chanakya,Ashwini Walia,NA,26-02-20,Hindi,4.5,60
128,The Search,"Finding Your Inner Power, Your Potential",Osho,Osho,823,28-12-15,English,5,60
129,The Writer on the Hill,The Very Best of Ruskin Bond,Ruskin Bond,Sagar Arya,920,20-02-17,English,4.5,23
130,War and Peace,Penguin Classics,"Leo Tolstoy, Anthony Briggs, Orlando Figes","Chloe Pirrie, Sam Woolf, Michael Fox, Olivia Darnley, Terence Wilton",4033,30-04-20,English,4.5,16
131,Asura (Hindi Edition),"Parajiton ki gatha, Ravana va uski praja ki kahani",Anand Neelakantan,Nitin Sharma,1266,22-03-19,Hindi,4,82
132,Once Upon a Crime,No Subtitle,Brynn Kelly,"Chase Brown, Rebekkah Ross",650,06-03-25,English,4.5,25
133,Mark of the Fool 8,No Subtitle,J.M. Clarke,Travis Baldree,974,19-03-25,English,No Rating,No Ratings_count
134,Veda 360 Degrees: Deep Dive into the Foundation of Sanatan Dharma (Hindi Edition),No Subtitle,Devdutt Pattanaik,Devdutt Pattanaik,318,15-04-24,Hindi,4.5,141
135,Anahad Mein Bisram,No Subtitle,OSHO,OSHO,945,26-05-17,Hindi,4.5,33
136,The Mystwick School of Musicraft,No Subtitle,Jessica Khoury,Suzy Jackson,498,05-09-19,English,5,104
137,The Turn of the Screw,No Subtitle,Henry James,"Emma Thompson, Richard Armitage - introduction",280,15-03-16,English,4.5,8
138,The Girl in Room 105 (Hindi Edition),No Subtitle,Chetan Bhagat,"Chetan Bhagat, Akshay Anand Kohli, Aakash Ahuja, Neha Gargava, Pallavi Bharti, Babla Kochhar, Prashant Narula, Hemant Saini, Farhan, Deepti Singh, Vaibhav, Nitin Sharma",319,18-04-24,Hindi,4.5,357
139,Pratisad (Marathi Edition),No Subtitle,Manoj Ambike,Prasad Phanse,864,17-02-23,Hindi,5,25
140,"The Definitive Sci-Fi Collection: 25+ Novels and Stories from George Orwell, HP Lovecraft, Jules Verne, Edgar Rice Burroughs, Mary Shelley, & More","1984, The War of the Worlds, The Shadow Over Innsmouth, A Princess of Mars, Flatland, Journey to the Centre of the Earth, Frankenstein, Strage Case of Dr Jekyll and Mr Hyde, & More","Robert Louis Stevenson, Edward Abbott, Elizabeth Bowen, E.M. Forster, George Orwell, H.G. Wells, H.P. Lovecraft, Jules Verne, Margaret Cavendish, Mary Shelley, Yevgeny Zamyatin, Edgar Rice Burroughs","Malk Williams, Emma Gregory, Hugh Kermode, Jonathan Keeble, Matthew Lloyd Davies, Karen Cass",9728,31-03-25,English,No Rating,No Ratings_count
141,Million Dollar Habits,Proven Power Practices to Double and Triple Your Income,Brian Tracy,Brian Tracy,483,08-09-20,English,4.5,20
142,The Virginia Woolf Collection,No Subtitle,Virginia Woolf,"Tilda Swinton, Jessie Buckley, Kristin Scott Thomas, Vanessa Kirby, Adetomiwa Edun, Andrea Riseborough, Tracy Ifeachor, Samuel Barnett, Johnny Flynn, Juliet Stevenson",1813,02-03-21,English,5,9
143,Son of Bhrigu,No Subtitle,Christopher C. Doyle,Kaushik Ramachandran,648,08-05-19,English,4.5,83
144,Mastering Logical Fallacies,The Definitive Guide to Flawless Rhetoric and Bulletproof Logic,"Michael Withey, Henry Zhang - foreword",Steven Crossley,262,23-04-19,English,4,13
145,How to Enjoy Your Life and Your Job (Hindi Edition),No Subtitle,Dale Carnegie,Siddharth Kulkarni,362,26-10-21,Hindi,4.5,83
146,Time Management (Hindi Edition),No Subtitle,Sudhir Dixit,Rahul Jaisawat,154,09-08-19,Hindi,4.5,324
147,Swayam Ka Utterdayitva (Hindi),No Subtitle,OSHO,OSHO,83,01-03-16,Hindi,5,14
148,Business Sutra,A Very Indian Approach to Management,Devdutt Pattanaik,Shriram Iyer,686,01-01-17,English,4.5,55
149,Vishvasta (Marathi Edition),No Subtitle,Vasant Vasant Limaye,Vasant Vasant Limaye,1762,07-04-25,Marathi,No Rating,No Ratings_count
150,Nirvana: the Last Nightmare,Learning to Trust in Life,Osho,Osho,952,01-03-16,English,5,9
151,The Greatest Bengali Stories Ever Told,No Subtitle,Arunava Sinha,Swetanshu Bora,608,05-06-17,English,3.5,66
152,Autobiography of a Yogi (Hindi Edition),No Subtitle,Paramahansa Yogananda,Shashi Chaturvedi,1426,14-10-21,Hindi,4.5,384
153,The Ikigai Journey (Hindi Edition),Sequel to Ikigai: The Japanese Secret to a Long and Happy Life,"Hector Garcia, Fransesc Miralles",Abhishek Sharma,399,14-12-22,Hindi,5,33
154,Time Anxiety,The Illusion of Urgency and a Better Way to Live,Chris Guillebeau,Chris Guillebeau,311,17-04-25,English,No Rating,No Ratings_count
155,Shakespeare Ki Kahaniyaan [Shakespeare's Stories],No Subtitle,William Shakespeare,Vipin Singh,253,20-01-22,Hindi,5,35
156,Lapoojhanna (Hindi Edition),No Subtitle,Ashok Pande,Anil Datt,575,07-02-24,Hindi,4.5,29
157,Jagaran (Hindi),No Subtitle,OSHO,OSHO,116,01-03-16,Hindi,5,11
158,Panchatantra,No Subtitle,"Pandit Vishnu Sharma, G. L. Chandiramani",Shernaz Patel,451,08-11-18,English,4.5,108
159,Murder on Astor Place,"Gaslight Mystery, Book 1",Victoria Thompson,Callie Beaulieu,512,20-10-15,English,4.5,68
160,Byomkesh Bakshi Stories,No Subtitle,Saradindu Bandopadhyay,Sumit Kaul,386,07-11-18,English,4.5,587
161,Coaching for Leadership,"Writings on Leadership from the World's Greatest Coaches, 3rd Edition","Marshall Goldsmith, Laurence Lyons","Christine Williams, Paul Christy, Al Dano, Joe Geoffrey",697,09-07-20,English,4.5,2
162,80 Din Mein Duniya Ki Sair [Around the World in 80 Days],No Subtitle,Jules Verne,Kaushik Ramachandran,128,22-04-22,Hindi,4.5,32
163,Heaven's River,"Bobiverse, Book 4",Dennis E. Taylor,Ray Porter,1017,24-09-20,English,4.5,83
164,HBR's 10 Must Reads for CEOs,No Subtitle,"Harvard Business Review, Martin Reeves, Claire Love, Philipp Tillmanns, John P. Kotter",Steve Menasche,523,10-12-19,English,4.5,10
165,The Startup Playbook (2nd Edition),Founder-to-Founder Advice from Two Startup Veterans,"Rajat Bhargava, Will Herman",Gary Tiedemann,703,08-09-20,English,4.5,10
166,How to Train a Wild Elephant & Other Adventures in Mindfulness,Simple Daily Mindfulness Practices for Living Life More Fully & Joyfully,Jan Chozen Bays MD,Jan Chozen Bays MD,366,06-01-15,English,4.5,104
167,21 Kahaniyan Manto [21 Manto Stories],No Subtitle,Saadat Hasan Manto,Vikas Pareek,404,19-07-21,Hindi,4.5,47
168,The 6:20 Man,No Subtitle,David Baldacci,"Christine Lakin, Mela Lee, Zachary Webber",707,04-08-22,English,4.5,69
169,Satyajit Ray Ki Kahaniyan [Stories of Satyajit Ray],No Subtitle,Satyajit Rai,Hemant Saini,492,24-05-19,Hindi,4.5,106
170,Mindfulness,HBR Emotional Intelligence Series,Harvard Business Review,"Daniel Henning, Rachel Perry",101,22-12-20,English,4.5,16
171,Shameless,"Playboys in Love Series, Book 1",Gina L. Maxwell,"Avery Reid, Aiden Snow",312,18-01-22,English,4,61
172,A Touch of Darkness,"Hades & Persephone Series, Book 1",Scarlett St. Clair,Meg Sylvan,666,30-06-20,English,4,61
173,Psychology of Option Trading (Hindi Edition),No Subtitle,Mahesh Chandra Kaushik,Lallit Kumar,372,28-10-24,Hindi,4,5
174,Taming the Molecule of More,A Step-by-Step Guide to Make Dopamine Work for You,"Michael E. Long, Daniel Z. Lieberman MD - foreword",Michael E. Long,515,15-04-25,English,No Rating,No Ratings_count
175,Rarang Dhang,Marathi Audiobook,Prabhakar Pendharkar,"Amey Wagh, Kiran Yadnyopavit, Shashank Shende, Gajanan Paranjape, Kshitij Patwardhan, Siddharth Menon, Satish Alekar, Dilip Prabhavalkar",207,07-02-14,English,5,125
176,Ikigai (Marathi Edition),No Subtitle,"Hector Garcia, Fransesc Miralles, Prasad Dhapre - translator",Shailesh Datar,248,10-01-23,Hindi,5,84
177,The Art of Thinking Clearly (Marathi Edition),"Better Thinking, Better Decisions",Rolf Dobelli,Kaustubh Diwan,866,29-09-23,Hindi,4.5,3
178,The Power of Your Subconscious Mind,No Subtitle,Joseph Murphy,Jason McCoy,364,03-02-10,English,4.5,395
179,Na Kehne Ki Kala (Hindi Edition),No Subtitle,Damon Zahariades,Neeraj Yadav,202,23-10-24,Hindi,4,37
180,Art of War,No Subtitle,Sun Tzu,Anand Phursule,104,26-10-21,Hindi,4,66
181,Prachina Bharatadesa Charitra (Telugu Edition),No Subtitle,K.Balagopal,Srinivasa Rao,456,07-04-25,Telugu,3.5,2
182,Option Trading Se Paison Ka Ped Kaise Lagayen (Hindi Edition),No Subtitle,Mahesh Chandra Kaushik,Ajay Singhal,301,21-10-24,Hindi,4.5,6
183,"Essential Grammar, 3rd Revised Edition",A Write It Well Guide,Natasha Terk,Emily Durante,384,06-11-18,English,4.5,6
184,The Strategy Book (4th Edition),How to Think and Act Strategically to Deliver Outstanding Results,Max Mckeown,Jonathan Johns,450,22-04-25,English,No Rating,No Ratings_count
185,Twisted Games,"Twisted, Book 2",Ana Huang,"Cindy Kay, Aiden Snow",794,28-06-22,English,4.5,209
186,The Mind of a Terrorist,"David Headley, the Mumbai Massacre, and His European Revenge","Kaare Sørensen, Cory Klingsporn - translator",Sean Runnette,505,07-06-16,English,4.5,66
187,Fooled by Randomness,The Hidden Role of Chance in Life and in the Markets,Nassim Nicholas Taleb,Sean Pratt,603,07-01-08,English,4.5,345
188,Yes Minister & Yes Prime Minister - The Complete Audio Collection,No Subtitle,"Antony Jay, Jonathan Lynn","Paul Eddington, full cast, Nigel Hawthorn",1108,28-07-14,English,5,118
189,Ravana 360 Degrees (Hindi Edition),No Subtitle,Devdutt Pattanaik,Devdutt Pattanaik,310,15-04-24,Hindi,4.5,110
190,13 Kaam Jo Samajhdar Log Nahi Karte [13 Commonwealth Games],No Subtitle,Amy Morin,Pratibha Tiku Sharma,498,10-04-19,Hindi,5,32
191,Mind Full to Mindful,Zen Wisdom from a Monk's Bowl,Om Swami,Prashant Narula,244,22-10-24,English,5,26
192,Interview with the Robot,No Subtitle,Lee Bacon,"Kevin T. Collins, Ellen Archer, Josh Hurley, Eileen Stevens, Erin Mallon, Jonathan Davis, Stephen Bel Davies",222,02-01-20,English,4.5,147
193,How to Work with Complicated People,Strategies for Effective Collaboration with (Nearly) Anyone,Ryan Leak,Ryan Leak,428,15-04-25,English,No Rating,No Ratings_count
194,The Opposite of Love,No Subtitle,Durjoy Datta,"Pallavi Bharti, Suyash Barve",301,15-04-24,English,4.5,96
195,Impact Winter,No Subtitle,Travis Beacham,full cast,295,17-02-22,English,4.5,263
196,Yaar Papa (Hindi Edition),No Subtitle,Divya Prakash Dubey,Divya Prakash Dubey,333,14-10-24,Hindi,4.5,93
197,Oneness with All Life,Inspirational Selections from a New Earth,Eckhart Tolle,Eckhart Tolle,137,08-09-20,English,5,8
198,Oka Yogi Atma Katha [Autobiography of a Yogi],No Subtitle,Paramahansa Yogananda,Kancherla Janaki Ramana Murthy,1405,16-02-24,Telugu,4.5,10
199,The Chekhov Collection of Short Stories,No Subtitle,Anton Chekhov,Richard Armitage,410,11-06-20,English,4.5,29
200,Forbidden Desires,No Subtitle,Madhuri Banerjee,Deepti Gupta,473,01-01-17,English,4,91
201,Rigveda,No Subtitle,Raj Bahadur Pandey,Swetanshu Bora,470,19-07-21,Hindi,4,32
202,Maybe This Time,No Subtitle,Cara Bastone,"Zoë Chao, Noah Reid, Josh Hurley, Beata Pozniak, Jim Seybert, Emily Lawrence, Tina Wolstencroft, Petrea Burchard, Joel Simler, Aaron Shedlock, Christian Barillas, Eric Yves Garcia, Alex Picard, Lorrie Grant, Full Cast",345,02-05-24,English,4.5,294
203,The Love Letter and Other Stories,No Subtitle,Buddhadeva Bose,Swetanshu Bora,326,11-06-19,English,5,2
204,High Returns from Low Risk,A Remarkable Stock Market Paradox,"Pim Van Vliet, Jan De Koning",Tom Perkins,226,03-12-19,English,4.5,12
205,Everything Is F--ked (Hindi Edition),A Book About Hope,Mark Manson,Anamaya Verma,598,29-09-23,Hindi,4,10
206,The Next Day,"Transitions, Change, and Moving Forward",Melinda French Gates,Melinda French Gates,224,15-04-25,English,No Rating,No Ratings_count
207,If It's Perfect,"A Romantic Comedy (The Wedding Business, Book 1)",Summer Dowell,Kathryn Lynhurst,362,27-07-21,English,3.5,5
208,The Fish in the Sea Is Not Thirsty,On the Haunting Songs of the Mystic Kabir,Osho,Osho,1564,30-11-17,English,5,17
209,The Perfect Son,No Subtitle,Freida McFadden,"Suzie Althens, Daniel Thomas May",478,29-03-22,English,4,126
210,Sapiens,No Subtitle,Yuval Noah Harari,Babla Kochhar,1302,13-03-19,Hindi,5,433
211,Telepsychics,Tapping Your Hidden Subconscious Powers,Dr. Joseph Murphy,Tim Andres Pabon,453,06-07-16,English,4.5,7
212,"Master Your Time, Master Your Life","The Breakthrough System to Get More Results, Faster, in Every Area of Your Life",Brian Tracy,Brian Tracy,242,11-10-16,English,4.5,158
213,Marble Hall Murders,"Magpie Murders, Book 3",Anthony Horowitz,"Lesley Manville, Tim McMullan",1059,10-04-25,English,No Rating,No Ratings_count
214,Ramayana (Hindi Edition),Anek Kathayein Aur Sandarbh [Many Stories and References],Anand Neelakantan,Babla Kochhar,915,15-04-24,Hindi,5,184
215,Ruthless,"Playboys in Love Series, Book 2",Gina L. Maxwell,"Avery Reid, Aiden Snow",464,12-04-22,English,4,28
216,The Secret,"An Introduction to the World of Love, The Way of the Sufis",Osho,Osho,2215,10-02-22,English,5,13
217,The Brothers Karamazov [Naxos AudioBooks Edition],No Subtitle,"Constance Garnett - translator, Fyodor Dostoevsky",Constantine Gregory,2224,30-12-12,English,4.5,56
218,In the Buddha's Words,An Anthology of Discourses from the Pali Canon,Bhikkhu Bodhi - editor and translator,Fajer Al-Kaisi,1121,29-07-16,English,4.5,16
219,Dracula [Audible Edition],No Subtitle,Bram Stoker,"Alan Cumming, Tim Curry, Simon Vance, Katherine Kellgren, Susan Duerden, John Lee, Graeme Malcolm, Steven Crossley",927,20-02-12,English,4.5,134
220,The Grand Sophy,No Subtitle,Georgette Heyer,Louise Jameson,792,01-04-21,English,5,13
221,1% Lifesteal,A LitRPG Adventure,Robert Blaise,Daniel Wisniewski,996,18-03-25,English,No Rating,No Ratings_count
222,Crave,"Crave Series, Book 1",Tracy Wolff,"Heather Costa, Tim Paige",896,07-04-20,English,4.5,28
223,Anne of Green Gables,No Subtitle,Lucy Maud Montgomery,Rachel McAdams,562,22-11-16,English,5,112
224,51 Jataka Kathayen [51 Jataka Stories],No Subtitle,Chimes,Chimes,305,07-05-24,Hindi,4.5,2
225,River out of Eden,A Darwinian View of Life,Richard Dawkins,"Richard Dawkins, Lalla Ward",311,20-07-18,English,4.5,26
226,Astabal (Hindi Edition),No Subtitle,"Nilotpal Mrinal, Hind Yugm",Nilotpal Mrinal,218,02-12-24,Hindi,4.5,35
227,Lethal Defense,"Nate Shepherd Legal Thriller Series, Book 1",Michael Stagg,George Newbern,598,13-10-20,English,4.5,52
228,It's Not Luck,"Marketing, Production, and the Theory of Constraints",Eliyahu M. Goldratt,Rick Adamson,510,18-03-14,English,5,55
229,Love at First Psych,No Subtitle,Cara Bastone,"Santino Fontana, Stephanie Einstein, Mary Ann Jacobs, William Merryn Hill, Emily Bauer, Matt Boren, Piper Goodeve, Gabra Zackman, Mia Jenness, Elliott Fullam, Petrea Burchard, Ralph Lister, Jack de Golia",275,02-03-23,English,4.5,261
230,Artificial Condition,No Subtitle,Martha Wells,Kevin R. Free,201,08-05-18,English,4.5,94
231,The 7 Principles of Public Speaking,Proven Methods from a PR Professional,Richard Zeoli,Peter Johnson,NA,01-02-13,English,4.5,129
232,Karma Bhoomi [Land of Work],No Subtitle,Premchand,Akhtar Qureshi,772,15-06-22,Hindi,4.5,37
233,Tipu Sultan,No Subtitle,Vikram Sampath,"ERROL RODRIGUES, Meher Acharia Dar",2255,15-04-25,English,No Rating,No Ratings_count
234,Walking in Zen Sitting in Zen,Meditation Is Either a Twenty-Four-Hour Affair or It Cannot Be at All,OSHO,OSHO,1595,24-02-22,English,5,21
235,The Last Girl to Fall in Love (Hindi Edition),No Subtitle,Durjoy Datta,"Anupriya Goenka, Akshay Oberoi",477,15-04-24,Hindi,4,25
236,The Untethered Soul,The Journey Beyond Yourself,Michael A. Singer,Peter Berkrot,371,12-12-11,English,5,408
237,HBR's 10 Must Reads on High Performance,"With Bonus Article ""The Right Way to Form New Habits”. An Interview with James Clear",Harvard Business Review,"Carolyn Jania, William Sarris",372,31-05-22,English,5,6
238,Not You It's Me,No Subtitle,Julie Johnson,Carly Robins,743,13-10-15,English,4,46
239,Women and the Weight Loss Tamasha,No Subtitle,Rujuta Diwekar,"Rujuta Diwekar, Kareena Kapoor",698,20-06-17,English,4.5,82
240,Origin Story,A Big History of Everything,David Christian,Jamie Jackson,743,22-05-18,English,4.5,38
241,Krishna 360 Degrees (Hindi Edition),No Subtitle,Devdutt Pattanaik,Devdutt Pattanaik,267,15-04-24,Hindi,5,121
242,Banaras Talkies (Hindi Edition),No Subtitle,Satya Vyas,Parvez Gauhar,NA,29-10-18,Hindi,4.5,144
243,The Power of Your Subconscious Mind (Marathi Edition),No Subtitle,Joseph Murphy,Rohan Phanse,580,19-10-23,Hindi,5,11
244,Himalaywasi Guru Aur Chati Indri [The Himalayan Guru and the Sixth Sense],आध्यात्मिक मार्ग की अद्भुत यात्रा [Wonderful Journey on the Spiritual Path],Dr. Priyabhishek Sharma,Parvez Gauhar,323,07-12-22,Hindi,4.5,124
245,Case No 56,No Subtitle,Chandrashekar Nagawaram,Vikrant Chaturvedi,367,25-11-22,English,4,53
246,Jeevan Jine Ki Kala,No Subtitle,Anand Satyarthi,Nitin Sharma,314,19-07-21,Hindi,5,31
247,Complete Book of Yoga,No Subtitle,Swami Vivekananda,Shivam Vig,1696,26-10-22,English,4.5,38
248,Jin Sutra Vol.1,No Subtitle,OSHO,OSHO,1017,26-05-17,Hindi,5,22
249,Anger,Buddhist Wisdom for Cooling the Flames,Thích Nhất Hạnh,Ken McLeod,355,28-04-11,English,4.5,60
250,Magnus Chase and the Ship of the Dead,"Magnus Chase, Book 3",Rick Riordan,Michael Crouch,778,03-10-17,English,5,51
251,Devi Bhagwat Puran,No Subtitle,Dr. Vinay,Sarvesh Vyas,433,19-07-21,Hindi,5,69
252,Kulfi and Cappuccino (Hindi Edition),No Subtitle,Ashish Chaudhary,Kafeel Jafri,572,24-10-18,Hindi,4.5,183
253,Shakti Rising,Embracing Shadow and Light on the Goddess Path to Wholeness,"Kavitha M. Chinnaiyan MD, Greg Goode - foreword",Leslie Howard,491,31-03-20,English,5,13
254,That Night (Hindi Edition),No Subtitle,Nidhi Upadhyay,Pallavi Bharti,466,22-08-23,Hindi,4,59
255,Falling in Love Again,Stories of Love and Romance,Ruskin Bond,Manisha Sethi,332,01-02-17,English,4,32
256,The Great Gatsby,No Subtitle,F. Scott Fitzgerald,Jake Gyllenhaal,289,09-04-13,English,4.5,489
257,50 Psychology Classics,No Subtitle,Tom Butler-Bowdon,Lloyd James,744,07-02-07,English,5,17
258,True Crime Case Histories: Massive 15-Book Collection,176 Disturbing True Crime Stories,Jason Neal,"Simon de Deney, Timothy G. Little, Steven Rostance",3933,14-12-24,English,No Rating,No Ratings_count
259,Stop Overthinking,No Subtitle,Nick Trenton,Adwait Karambelkar,268,01-04-25,English,No Rating,No Ratings_count
260,The Ultimate Napoleon Hill Library,No Subtitle,Napoleon Hill,"Napoleon Hill, Dan Strutzel",854,06-04-20,English,5,7
261,Shivaji,The Grand Rebel,Dennis Kincaid,Sartaj Garewal,448,19-01-17,English,4.5,81
262,The Little Book of Valuation,"How to Value a Company, Pick a Stock and Profit",Aswath Damodaran,Matthew Boston,289,30-07-19,English,4,22
263,David Copperfield,No Subtitle,Charles Dickens,Richard Armitage,2190,09-02-16,English,5,19
264,Heera Pheri [Foul Play],No Subtitle,Surender Mohan Pathak,Sameer Goswami,613,23-05-24,Hindi,4.5,11
265,Artemis Fowl Collection,3-book audio collection,Eoin Colfer,Gerry O'Brien,1283,27-03-25,English,No Rating,No Ratings_count
266,The Three Laws of Performance,: Rewriting the Future of Your Organization and Your Life,"Steve Zaffron, Dave Logan",Walter Dixon,372,02-03-09,English,4.5,48
267,The Five Rules for Successful Stock Investing,Morningstar's Guide to Building Wealth and Winning in the Market,"Pat Dorsey, Joe Mansueto",Marty Moran,713,10-07-20,English,4.5,23
268,Wild Fictions,Essays,Amitav Ghosh,Ranjit Madgavkar,NA,16-04-25,English,No Rating,No Ratings_count
269,HBR at 100,The Most Influential and Innovative Articles from Harvard Business Review's First Century,Harvard Business Review,"Carolyn Jania, Jonathan Yen",1027,29-03-22,English,4,7
270,Finding Flow,The Psychology of Engagement with Everyday Life,Mihaly Csikszentmihalyi,Sean Pratt,306,07-12-15,English,4.5,62
271,Peppa Pig: On the Road with Peppa,No Subtitle,John Sparkes,John Sparkes,62,26-05-16,English,4.5,29
272,A Tale of Two Cities,The Audible Dickens Collection,"Charles Dickens, Simon Callow - introduction",Simon Callow,NA,06-02-18,English,4.5,26
273,You Die Alone,No Subtitle,Novoneel Chakraborty,Dhwani Acharya,155,18-07-23,English,4,118
274,House of Sky and Breath,No Subtitle,Sarah J. Maas,Elizabeth Evans,1662,15-02-22,English,4.5,66
275,Thuppariyum Sambu Part 1 (Tamil Edition),No Subtitle,Devan,Bombay Kannan,165,18-05-21,Tamil,4.5,64
276,Asura (Tamil Edition),No Subtitle,Anand Neelkantan,Saki,1627,09-12-22,Tamil,4.5,22
277,Sweet Talk,No Subtitle,Cara Bastone,"Lidia Dornet, Chris Brinkley",342,22-04-21,English,4.5,420
278,30 Din Mein Bane Share market Mein Safal Niveshak [Become a Successful Investor in Share Market in 30 Days],No Subtitle,Amol Gandhi,Trishaan,NA,19-07-21,Hindi,4,28
279,The Ratcatcher,No Subtitle,Anthony Khaseria,full cast,318,20-02-25,English,4.5,17
280,The Power of Habit (Hindi Edition),"Why We Do What We Do, and How to Change",Charles Duhigg,Ravinder Singh,803,09-11-21,Hindi,4.5,69
281,"Life, the Universe, and Everything",No Subtitle,Douglas Adams,Martin Freeman,344,06-12-12,English,4.5,146
282,Wild and Wrangled,"Rebel Blue Ranch, Book 4",Lyla Sage,"Connor Crais, Lyla Sage, Savannah Peachwood, Stella Hunter",566,15-04-25,English,No Rating,No Ratings_count
283,To All the Boys I've Loved Before,No Subtitle,Jenny Han,Ali Ahn,524,14-01-20,English,4.5,61
284,Speak to Win,How to Present with Power in Any Situation,Brian Tracy,Brian Tracy,313,20-11-08,English,4.5,23
285,Happiness,HBR Emotional Intelligence Series,Harvard Business Review,"Daniel Henning, Rachel Perry",149,22-12-20,English,4,15
286,How to Think Like an Entrepreneur,No Subtitle,Daniel Smith,Dominic Thorburn,255,30-07-20,English,4.5,5
287,When You Least Expect It,No Subtitle,Haley Cass,Lori Prince,487,27-04-21,English,4.5,18
288,Ichigo Ichie (Marathi Edition),No Subtitle,"Hector Garcia, Fransesc Miralles, Prasad Dhapre - translator",Saurabh Gogate,242,10-01-23,Hindi,5,9
289,The Girl in Room 105,No Subtitle,Chetan Bhagat,Siddhanta Pinto,503,12-11-18,English,4,"1,623"
290,Tell No One,No Subtitle,Harlan Coben,William Hope,634,01-04-22,English,4.5,98
291,The Stand-In,No Subtitle,Lily Chu,Phillipa Soo,655,15-07-21,English,4.5,221
292,Sufis: The People of the Path Vol. 1,No Subtitle,Osho,Osho,1559,11-09-19,English,4.5,14
293,Do Not Disturb,No Subtitle,Freida McFadden,"Holly Adams, Daniel Thomas May",473,08-03-22,English,4,105
294,The Butcher's Masquerade,"Dungeon Crawler Carl, Book 5",Matt Dinniman,Jeff Hays,1413,26-05-22,English,5,41
295,The Alchemist (Hindi Edition),No Subtitle,"Paulo Coelho, Anu Singh - translator",Babla Kochhar,396,26-03-19,Hindi,4.5,"1,074"
296,Pathfinders,Extraordinary Stories of People Like You on the Quest for Financial Independence—and How to Join Them,JL Collins,"Kevin Meyer, Audrey J Williams",550,31-10-23,English,No Rating,No Ratings_count
297,One Good Reason,"A Boston Love Story, Book 3",Julie Johnson,Tatiana Sokolov,597,12-07-16,English,4.5,13
298,Artemis Fowl and the Opal Deception,No Subtitle,Eoin Colfer,Gerry O'Brien,521,10-05-13,English,4.5,16
299,Phans Jao Mere Liye [Stuck for Me],No Subtitle,James Hadley Chase,Mukesh Pandey,337,19-07-21,Hindi,4.5,37
300,Rich Dad Poor Dad (Hindi Edition),No Subtitle,Robert Kiyosaki,Abhishek Sharma,665,19-12-24,Hindi,5,8
301,Heart of Darkness: A Signature Performance by Kenneth Branagh,No Subtitle,Joseph Conrad,Kenneth Branagh,229,23-11-10,English,4.5,43
302,Knocked Up by the CEO,"Knocked Up Series, Book 1",Lilian Monroe,"Amelie Griffin, Alex Kydd",344,29-10-19,English,4,10
303,Stillness Speaks,Stillness amidst the World,Eckhart Tolle,Eckhart Tolle,153,10-10-03,English,5,111
304,Reaper's Gale,The Malazan Book of the Fallen 7,Steven Erikson,Michael Page,2636,03-01-19,English,5,17
305,The Fundamental Wisdom of the Middle Way,Nagarjuna's Mulamadhyamakakarika,"Nāgārjuna, Jay L. Garfield - translator",Zehra Jane Naqvi,724,13-07-21,English,No Rating,No Ratings_count
306,My Dark Fairy Tale,My Dark Mafia Romance,Giana Darling,"CJ Bloom, Dane Anderson",652,08-04-25,English,No Rating,No Ratings_count
307,"HBR's 10 Must Reads on AI, Analytics, and the New Machine Age",HBR's 10 Must Reads Series,"Harvard Business Review, Michael E. Porter, Thomas H. Davenport, Paul Daugherty, H. James Wilson","Shawn Compton, Teri Schnaubelt",325,26-11-19,English,4.5,65
308,Stree 360 Degrees,No Subtitle,Devdutt Pattanaik,Devdutt Pattanaik,259,25-04-24,English,5,25
309,Nayi Aadton Ki Safal Takniken [Successful Techniques of New Habits],Habit Badalne Ka Saral Gyan [Simple Knowledge of Changing Habits],Tejgyan Global Foundation,Abhay Sahare,194,08-07-20,Hindi,4.5,29
310,"Summary of Rich Dad, Poor Dad (Hindi Edition)",No Subtitle,Abhishek Therkar,Vijayta Saran,NA,13-12-23,Hindi,4.5,6
311,How to Talk to Anyone (Marathi Edition),92 Little Tricks for Big Success,Leil Lowndes,Krushna Rajshekhar,632,15-12-24,Marathi,No Rating,No Ratings_count
312,The Ultimate Brian Tracy Library,No Subtitle,Brian Tracy,Brian Tracy,983,30-04-18,English,5,173
313,One Arranged Murder,No Subtitle,Chetan Bhagat,Hrishikesh Kannan,478,27-09-20,English,4,"1,151"
314,The Incredible Banker,No Subtitle,Ravi Subramanian,Sartaj Garewal,513,01-01-17,English,4.5,51
315,Jo Chahen Vo Kaise Payen (Hindi Edition),No Subtitle,"Esther Hicks, Jerry Hicks",Rakhi Sharma,692,01-11-24,Hindi,4.5,3
316,Murder on Mulberry Bend,"Gaslight Mystery, Book 5",Victoria Thompson,Callie Beaulieu,519,21-01-16,English,4.5,30
317,Aduththa Vinadi,No Subtitle,Nagore Rumi,Sundararaman S,364,09-01-08,Tamil,4.5,15
318,The Sentence Is Death,"Hawthorne, Book 2",Anthony Horowitz,Rory Kinnear,515,01-11-18,English,4.5,55
319,Kasturi Kundal Basai,No Subtitle,OSHO,OSHO,NA,26-05-17,Hindi,5,48
320,The Buddha Said,Meeting the Challenge of Life's Difficulties,Osho,Osho,2157,28-07-16,English,5,138
321,Among the Believers,No Subtitle,V.S. Naipaul,Raj Ghatak,1110,31-03-25,English,No Rating,No Ratings_count
322,Theft of Swords [Dramatized Adaptation],"Riyria Revelations, Book 1",Michael J. Sullivan,"Amanda Forstrom, Andrew Quilpa, Andy Brownstein, Andy Clemence, Bradley Smith, Bruce Alan Rauscher, Chris Genebach, Chris Stinson, Christopher Walker, Colleen Delany, David Jourdan, Dylan Lynch, Henry Kramer, Jeff Allin, Jonathan Feuer",1019,08-01-22,English,4.5,31
323,Kanmantra Aai Babansathi [Kanmantra for Mom and Dad],No Subtitle,Manoj Ambike,Hema Nikam,NA,16-03-23,Hindi,5,8
324,Take It Easy,Zen and a Totally Different Approach Towards Life,Osho,Osho,2665,13-01-22,English,5,27
325,Summary of Atomic Habits (Tamil Edition),No Subtitle,Ideabrew Studios,Ideabrew Studios,NA,29-12-23,Tamil,5,5
326,BBC Classics: Ultimate Story Collection,90 Unmissable Tales,"Oscar Wilde, Arthur Conan Doyle, Virginia Woolf, various","Sam Dale, Joseph Ayre, Carolyn Pickles, Don Gilet, Clare Corbett, Ronny Jhutti, Helen Clapp, Susan Jameson, full cast",1564,03-06-21,English,4,27
327,Aladdin and Other Stories,No Subtitle,Audible Studios,"Tamsin Greig, Stephen Mangan",NA,04-10-12,English,4.5,11
328,When Wizards Follow Fools,"Arcane Ascension, Book 5",Andrew Rowe,Nick Podehl,1165,08-04-25,English,No Rating,No Ratings_count
329,Orwell Collection,Animal Farm & 1984,George Orwell,Stephen Fry,978,12-01-21,English,4.5,289
330,Sex at Dawn,"How We Mate, Why We Stray, and What It Means for Modern Relationships","Christopher Ryan, Cacilda Jetha","Allyson Johnson, Jonathan Davis, Christopher Ryan (Preface)",657,02-11-10,English,4.5,35
331,Strangers in Time,No Subtitle,David Baldacci,"David Baldacci, Stewart Crank, Alexandra Boulton, John Lee, Nicola F. Delgado, Matthew Lloyd Davies, Joe Pitts",824,10-04-25,English,5,2
332,Playboy Pilot,No Subtitle,"Penelope Ward, Vi Keeland","Andi Arndt, Sebastian York",455,21-09-16,English,4.5,15
333,Esther & Jerry Hicks: The Law of Attraction (Hindi Edition),No Subtitle,"Esther Hicks, Jerry Hicks",Sunny Kumar Sinha,443,05-11-24,Hindi,5,5
334,Executive Orders,"Jack Ryan, Book 8",Tom Clancy,Michael Prichard,3085,05-03-14,English,4.5,18
335,Shreshthata Ka Manovigyan (Hindi),No Subtitle,OSHO,OSHO,94,01-03-16,Hindi,4.5,28
336,P.G. Wodehouse Volume 1,The Jeeves Collection,P.G. Wodehouse,Stephen Fry,2437,17-12-20,English,5,305
337,Andheri Raat [Dark Night],No Subtitle,Surender Mohan Pathak,Sameer Goswami,449,23-05-24,Hindi,4,17
338,Network Effect,No Subtitle,Martha Wells,Kevin R. Free,767,05-05-20,English,4.5,68
339,Agnihotra (Hindi Edition),Mahabharat Aadhaarit Pauranik Rahasya Gaatha Khand 4,Saurabh Kudesia,Babla Kochhar,681,20-11-24,Hindi,4,4
340,Dust of Dreams,The Malazan Book of the Fallen 9,Steven Erikson,Michael Page,2593,03-01-19,English,5,11
341,Philosophia Ultima,The Upanishadic Universal Vision of Totality,Osho,Osho,1183,24-08-17,English,4.5,18
342,400 Days,No Subtitle,Chetan Bhagat,Manikant Sarbhoy,599,29-08-24,English,4.5,180
343,The 7 Power Principles for Success,No Subtitle,Bob Proctor,Bob Proctor,221,19-01-16,English,4.5,3
344,"Take Me, Daddy","Boston Kings, Book 1",Sara Fields,"Gabriel Spires, Michelle Sparks",450,07-11-23,English,3,4
345,Adultery (Hindi Edition),No Subtitle,"Paulo Coelho, Anu Singh - translator",Suchitra Pillai,458,25-02-20,Hindi,4,23
346,The Art of Closing the Sale,The Key to Making More Money Faster in the World of Professional Selling,Brian Tracy,Brian Tracy,266,07-05-10,English,5,46
347,"The Lion, the Witch, and the Wardrobe","Chronicles of Narnia, Book 2",C. S. Lewis,Rupert Degas,227,08-04-25,English,No Rating,No Ratings_count
348,Chanakya's Chant,No Subtitle,Ashwin Sanghi,Sagar Arya,907,02-01-17,English,4.5,211
349,Majhi Atmakatha (Marathi Edition),No Subtitle,Babasaheb Ambedkar,Krunal Alve,496,06-12-24,Marathi,5,3
350,Emma,No Subtitle,Jane Austen,Jenny Agutter,885,09-10-08,English,4.5,36
351,Political Philosophy,A Very Short Introduction,David Miller,Luci Bell,264,01-06-21,English,4.5,3
352,KiMu KiPi,No Subtitle,Madhan,Charles K,282,09-01-08,Tamil,4.5,69
353,Vivekanand Ki Atmakatha (Hindi Edition),No Subtitle,Sankar,Atul Kapoor,1026,08-11-24,Hindi,No Rating,No Ratings_count
354,Phantoms in the Brain,Probing the Mysteries of the Human Mind,"Sandra Blakeslee, V. S. Ramachandran",Neil Shah,647,24-12-13,English,5,40
355,Why Is Sex Fun?,The Evolution of Human Sexuality,Jared Diamond,L. J. Ganser,317,20-06-18,English,4,29
356,Manusmriti (Hindi Edition),No Subtitle,"Vidya Vihar, Manu",Lalit Agarwal,1421,28-11-24,Hindi,No Rating,No Ratings_count
357,The Exorcist,No Subtitle,William Peter Blatty,William Peter Blatty,772,30-10-14,English,4.5,26
358,PMP Exam Master Prep,"Learn Faster, Retain More, Pass the PMP Exam, Sixth Edition",Scott Payne,Scott Payne,934,11-10-19,English,4,31
359,Mastering Fear,A Navy SEAL's Guide,"Brandon Webb, John David Mann","Johnathan McClain, Brandon Webb",293,07-08-18,English,5,26
360,Drop Dead,No Subtitle,Lily Chu,"Phillipa Soo, John Cho",685,01-08-24,English,3.5,22
361,Amrit Bel (Hindi Edition),No Subtitle,"Ananya Malviya, Manjit Thakur","Anuradha Upadhyay, Gaurav Mehta",869,16-10-23,Hindi,4.5,16
362,The Mysterious Affair at Styles,No Subtitle,"Agatha Christie, Anna Lea - adaptation","Peter Dinklage, Himesh Patel, Harriet Walter, Jessica Gunning, Phil Dunster, Rob Delaney, John Bradley, Vivian Oparah, Patsy Ferran",233,14-11-24,English,4.5,154
363,The Commuter,No Subtitle,"James Patterson, Aaron Tracy","Lizzy Caplan, Richard Schiff, Thomas Lennon, James Urbaniak, Sarah Steele, Terrence Terrell, Nicolas Dromard, Wolf Williams, full cast",150,27-02-25,English,4,23
364,Ni Hinga Nodabyada Nanna (Kannada Edition),No Subtitle,Ravi Belagere,Amulya S,1345,07-04-25,Kannada,No Rating,No Ratings_count
365,Maut Ki Aahat [The Sound of Death],No Subtitle,Surender Mohan Pathak,Sameer Goswami,325,23-05-24,Hindi,4.5,24
366,The Time Traveler's Wife,No Subtitle,Audrey Niffenegger,"Fred Berman, Phoebe Strole",1058,08-05-06,English,4,69
367,Diabetes I and II (Hindi Edition),No Subtitle,Biswaroop Roy Choudhray,Sanyam Sharma,209,19-07-21,Hindi,5,15
368,Sister of My Heart,A Novel,Chitra Banerjee Divakaruni,Julia Whelan,710,30-01-12,English,4.5,57
369,The Ultimate David Hawkins Library,No Subtitle,Dr. David Hawkins,David Hawkins,617,25-04-16,English,4.5,8
370,One Hundred Poems of Kabir,Translated by Rabindranath Tagore,Kabir,Pallavi Bharti,181,07-09-23,English,4.5,17
371,Daylight,Atlee Pine Series,David Baldacci,"Brittany Pressley, Kyf Brewer",696,12-11-20,English,4.5,23
372,Gene Machine,The Race to Decipher the Secrets of the Ribosome,Venki Ramakrishnan,Matthew Waterson,491,06-11-18,English,4.5,34
373,My Return to the Walter Boys,"My Life with the Walter Boys, Book 2",Ali Novak,Renée Chambliss,507,15-04-25,English,No Rating,No Ratings_count
374,The Sikhs,No Subtitle,Khushwant Singh,Rahul Guha,550,15-09-20,English,4.5,51
375,As a Man Thinketh (Hindi Edition),No Subtitle,James Allen,Prashant Narula,69,15-12-23,Hindi,4.5,24
376,The Labors of Hercules,A Hercule Poirot Mystery: The Official Authorized Edition,Agatha Christie,Hugh Fraser,523,03-07-12,English,4.5,30
377,North and South,No Subtitle,Elizabeth Gaskell,Juliet Stevenson,1100,18-09-09,English,4.5,31
378,The Christmas Pig,No Subtitle,J.K. Rowling,"Amaka Okafor, Rocco Padden, Gerran Howell, Tom Alexander, Rachel Atkins, Annette Badland, Karen Bartke, Nicholas Boulton, Saffron Coomber, Clare Corbett, Sandra Gayer, Gerard McDermott, Yasmin Mwanza, Jemima Penny, Summer Rose",337,12-10-21,English,5,144
379,Sherlock Holmes: The Definitive Collection,No Subtitle,"Stephen Fry - introductions, Arthur Conan Doyle",Stephen Fry,4317,27-02-17,English,5,"1,109"
380,Rise of Empire [Dramatized Adaptation],"Riyria Revelations, Book 2",Michael J. Sullivan,"Andy Brownstein, Bradley Smith, Chris Genebach, Duyen Washington, Jeff Allin, Jonathan Feuer, Kimberly Gilbert, Laura C. Harris, Niusha Nawab, Terence Aselford",1225,03-01-22,English,5,23
381,Positive Thinking (Hindi Edition),No Subtitle,Napoleon Hill,Dixaon Shahh,277,11-10-24,Hindi,5,4
382,I Am the Mind (Tamil Edition),No Subtitle,Deep Trivedi,Veera,618,30-08-22,Tamil,No Rating,No Ratings_count
383,The Devil's Alternative,No Subtitle,Frederick Forsyth,David Rintoul,974,20-01-13,English,4.5,30
384,Fifty Shades of Grey (Hindi Edition),No Subtitle,E. L. James,Riddhi Dave,1308,19-07-21,Hindi,4,29
385,Underlord,No Subtitle,Will Wight,Travis Baldree,642,25-09-19,English,5,12
386,Ghost Stories of Shimla Hills,No Subtitle,Minakshi Chaudhry,Shaheen Khan,211,01-01-17,English,3.5,27
387,Animal Farm (Hindi Edition),No Subtitle,George Orwell,Prateek Datha Sharma,234,26-10-21,Hindi,4.5,131
388,Stumbling Through Life,No Subtitle,Ruskin Bond,Ranjan Kamath,250,27-12-18,English,5,17
389,Oru Yogiyin Suyasaritham [Autobiography of a Yogi],No Subtitle,Paramahansa Yogananda,Murali Kumar,1368,27-12-23,Tamil,4.5,10
390,Jeevan Ka Param Satya (Hindi),No Subtitle,OSHO,OSHO,97,01-03-16,Hindi,5,68
391,The Long Game,How the Chinese Negotiate with India,Vijay Gokhale,Derek Denzil,355,21-02-22,English,5,19
392,Middlemarch,No Subtitle,George Eliot,Maureen O'Brien,1943,26-07-09,English,4.5,24
393,The Mastery Manual (Hindi),A Life-Changing Guide for Personal and Professional Greatness,Robin Sharma,Vikrant Chaturvedi,291,05-02-18,Hindi,4.5,102
394,Shatranj Ke Khiladi Aur Anya Kahaniyaan [Chess Players and Other Stories],No Subtitle,Premchand,Neeraj Yadav,518,14-10-21,Hindi,4.5,15
395,Jeevan Ek Ghorakh Dhanda Hai [Life Is a Tough Business],No Subtitle,Om Swami,Om Swami,342,06-05-24,Hindi,5,85
396,Bajind (Marathi Edition),No Subtitle,Pai. Ganesh Maangude,Vallabh Bhingarde,339,26-02-25,Marathi,4.5,3
397,Mahayoddha Kalki: Sword of Shiva (Hindi Edition),"Kalki, Book 3",Kevin Missal,Manish Dongardive,604,28-10-24,Hindi,4.5,4
398,Complete Spanish Step-by-Step,No Subtitle,Barbara Bregstein,Rachel Story,NA,22-10-21,English,No Rating,No Ratings_count
399,Timeless Tales for Kids,No Subtitle,"E. Nesbit, Charles Dickens, Lewis Carroll, Rudyard Kipling","Alistair McGowan, Olivia Colman, Bill Nighy, Luke Evans, Russell Tovey, Elizabeth McGovern, Dominic Cooper",616,13-02-18,English,4.5,16
400,Siva,The Siva Purana Retold,Ramesh Menon,Avita Jay,844,20-02-17,English,4.5,63
401,Half Girlfriend,No Subtitle,Chetan Bhagat,Prateek Pillai,529,12-11-18,English,4.5,205
402,Ahankar (Hindi),No Subtitle,OSHO,OSHO,101,01-03-16,Hindi,4.5,25
403,"30 Minute Guided Meditation - Meditation for Sleep, Relaxation & Stress Relief",No Subtitle,Benjamin Bonetti,Benjamin P Bonetti,NA,17-08-15,English,4.5,21
404,"The Tantra Experience (The Tantra Vision, Vol. 1)",Evolution Through Love,Osho,Osho,981,18-03-16,English,5,58
405,Timeless Wisdom on Finance,No Subtitle,Anil Lamba,Chandrahas Shetty,109,05-02-25,English,4,4
406,The Let Them Theory,A Life-Changing Tool That Millions of People Can’t Stop Talking About,Mel Robbins,Mel Robbins,638,24-12-24,English,5,60
407,Power Negotiating for Sales People,No Subtitle,Roger Dawson,Roger Dawson,396,14-10-14,English,5,6
408,Aapko Apne Jeevan Mein Kya Karna Hai [What Are You Doing with Your Life],No Subtitle,J. Krishnamurti,Mausam,481,10-06-20,Hindi,4.5,23
409,Make Money Easy,Create Financial Freedom and Live a Richer Life,Lewis Howes,Lewis Howes,439,18-03-25,English,No Rating,No Ratings_count
410,The 12-Week Fitness Project (Hindi Edition),No Subtitle,Rujuta Diwekar,Preeti Umashankar,209,19-07-23,Hindi,4,14
411,One Good Deed,No Subtitle,David Baldacci,Edoardo Ballerini,700,25-07-19,English,4.5,41
412,Leadership,The Brian Tracy Success Library,Brian Tracy,Brian Tracy,131,24-03-14,English,4.5,43
413,The Lion and the Mouse,No Subtitle,Lavanya R. N,Karthik Kumar,NA,05-03-20,English,4.5,80
414,Iron Hope,Lessons Learned from Conquering the Impossible,James Lawrence,James Lawrence,372,21-01-25,English,4.5,2
415,Trust Your Vibes (Revised Edition),Live an Extraordinary Life by Using Your Intuitive Intelligence,Sonia Choquette,Sonia Choquette,755,21-06-22,English,5,3
416,1984 (Hindi Edition),No Subtitle,George Orwell,Abhishek Sharma,831,26-10-21,Hindi,4.5,39
417,1991,How P. V. Narasimha Rao Made History,Sanjaya Baru,Avinash Kumar Singh,325,11-07-17,English,4.5,243
418,Zapurza Part 1 (Marathi Edition),No Subtitle,Achyut Godbole,Sanchit Vartak,1136,05-03-25,Marathi,No Rating,No Ratings_count
419,The Rule Breakers,No Subtitle,Preeti Shenoy,Nimisha Sirohi,630,30-01-20,English,4.5,127
420,Maut Ke Bad Kuchh Nahin (Hindi Edition),No Subtitle,James Hadley Chase,Manish Dongardive,446,19-07-21,Hindi,3.5,47
421,The Anatomy of Loneliness,How to Find Your Way Back to Connection,Teal Swan,Teal Swan,432,30-01-19,English,4.5,18
422,Kabuliwala,"Selected Plays, Poems and Stories of Tagore",Rabindranath Tagore,Rajat Kapoor,113,06-11-18,English,4.5,11
423,Block by Block,The Historical and Theoretical Foundations of Thermodynamics,Robert T. Hanlon,Paul Heitsch,2027,27-10-20,English,5,4
424,"Dont Lose Out, Work Out!",No Subtitle,Rujuta Diwekar,Farah Bala,474,01-01-17,English,4.5,94
425,Chandrakanta Santati (Hindi Edition),No Subtitle,Babu Devkinandan Khatri,Sameer Goswami,3915,21-10-24,Hindi,No Rating,No Ratings_count
426,Chanakya in Daily Life,No Subtitle,Radhakrishnan Pillai,Kanchan Bhattacharyya,401,16-11-17,English,4.5,440
427,The Deep End,"Diary of a Wimpy Kid, Book 15",Jeff Kinney,Dan Russell,123,06-11-20,English,4.5,50
428,Artificial Intelligence,The Insights You Need from Harvard Business Review,"Harvard Business Review, Thomas H Davenport, Erik Brynjolfsson, Andrew McAfee, H. James Wilson",Jonathan Todd Ross,211,17-09-19,English,4.5,23
429,50 Greatest Short Stories,No Subtitle,"Terry O'Brien - editor, Terry O'Brien - introduction","Fajer Al-Kaisi, Deepti Gupta",1332,01-01-17,English,3.5,12
430,Endymion,No Subtitle,Dan Simmons,Victor Bevine,1397,20-01-09,English,4.5,34
431,The Iliad,No Subtitle,"Homer, Alexander Pope - translator",Michael Page,1209,14-06-10,English,5,2
432,Fugitive Telemetry,"Murderbot Diaries, Book 6",Martha Wells,Kevin R. Free,264,27-04-21,English,4.5,46
433,Empathy,HBR Emotional Intelligence Series,Harvard Business Review,"Daniel Henning, Rachel Perry",106,22-12-20,English,4,9
434,Happiness,The Only True Prosperity,Osho,Stacia Keogh,396,17-10-23,English,No Rating,No Ratings_count
435,Undercover Sex Signals,A Pickup Guide for Guys,Leil Lowndes,Joyce Bean,329,05-08-15,English,4,24
436,How to Stop Worrying and Start Living (Marathi Edition),No Subtitle,Dale Carnegie,Prasad Phanse,802,30-10-23,Hindi,No Rating,No Ratings_count
437,The Architect's Apprentice,No Subtitle,Elif Shafak,Grant Cartwright,991,19-12-14,English,4.5,48
438,"The Convoluted Universe, Book 2",No Subtitle,Dolores Cannon,"Randal Schaffer, Cherise Knapp",1406,15-05-20,English,5,6
439,The Farther Reaches of Human Nature,No Subtitle,Abraham H. Maslow,Tom Perkins,NA,18-06-19,English,No Rating,No Ratings_count
440,The Psychology Book,Big Ideas Simply Explained,DK,Cassandra Campbell,NA,08-01-19,English,5,16
441,Letter to My Daughter,No Subtitle,Maya Angelou,Maya Angelou,152,13-10-08,English,4.5,32
442,Hanuman the Mighty,No Subtitle,Shobha Viswanath,Girish Karnad,NA,31-03-20,English,4.5,16
443,Diary of an Awesome Friendly Kid,Rowley Jefferson's Journal,Jeff Kinney,Christopher Gebauer,96,09-04-19,English,5,3
444,Disney Frozen: Olaf's Quest,No Subtitle,"Disney Press, Suzanne Francis","Jake Green, Matt Lowe, Abby Trott, full cast",142,19-09-24,English,5,29
445,Heir of Novron [Dramatized Adaptation],"Riyria Revelations, Book 3",Michael J. Sullivan,"Bradley Foster Smith, Carolyn Kashner, Chris Genebach, Danny Gavigan, Duyen Washington, Dylan Lynch, Jeff Allin, Laura C. Harris, Terence Aselford, Rayner Gabriel, Matthew Aldwin McGee",NA,03-01-22,English,5,28
446,Neither Here nor There,No Subtitle,Bill Bryson,William Roberts,550,01-12-09,English,4.5,22
447,From Impossible to Inevitable,How SaaS and Other Hyper-Growth Companies Create Predictable Revenue: 2nd Edition,"Aaron Ross, Jason Lemkin",Steven Jay Cohen,672,22-10-19,English,5,4
448,Chandpur Ki Chanda (Hindi Edition),No Subtitle,Atul Kumar Rai,Kumud Soney,717,07-02-24,Hindi,4.5,20
449,10 Rules for the Perfect Murder,No Subtitle,"James Patterson, Chris Tebbetts","Reid Scott, Cobie Smulders, full cast",182,24-10-24,English,4,69
450,No Excuses: Existentialism and the Meaning of Life,No Subtitle,"Robert C. Solomon, The Great Courses",Robert C. Solomon,727,08-07-13,English,4.5,15
451,Toll the Hounds,The Malazan Book of the Fallen 8,Steven Erikson,Michael Page,NA,03-01-19,English,5,14
452,HBR's 10 Must Reads on Reinventing HR,HBR's 10 Must Reads Series,"Harvard Business Review, Marcus Buckingham, Reid Hoffman, Ram Charan, Peter Cappelli","Rick Adamson, Emily Ellet",374,24-12-19,English,4.5,13
453,Tigers for Dinner,Tall Tales by Jim Corbett's Khansama,Ruskin Bond,Adnan Kapadia,NA,01-01-17,English,4.5,75
454,A Murder to Remember,No Subtitle,Brynn Kelly,"Brittany Pressley, Max Roll",603,29-02-24,English,4.5,44
455,Warbreaker (Dramatized Adaptation),No Subtitle,Brandon Sanderson,"Christopher Graybill, Colleen Delany, David Coyne, Dylan Lynch, Elizabeth Jernigan, James Konicek, Karen Carbone, Ken Jackson, Scott McCormick, Steven Carpenter, Tim Getman",1070,11-08-21,English,5,21
456,The Friedrich Nietzsche Collection,No Subtitle,Friedrich Nietzsche,Ellis Freeman,3071,19-04-20,English,4,5
457,As the Crow Flies,No Subtitle,Jeffrey Archer,John Lee,1242,09-04-15,English,5,41
458,China's Economy,What Everyone Needs to Know®,Arthur R. Kroeber,Paul Heitsch,691,24-07-18,English,4.5,26
459,The Nonesuch,"Gossip, scandal and an unforgettable Regency romance",Georgette Heyer,James Lailey,653,01-04-21,English,4.5,6
460,Sivagamiyin Sabatham,No Subtitle,Kalki,Deepika Arun,1761,06-12-22,Tamil,4.5,21
461,The Art of War,No Subtitle,Sun Tzu,Aidan Gillen,67,31-03-15,English,4,"1,093"
462,Absolute Tao,"Subtle Is the Way to Love, Happiness and Truth",OSHO,OSHO,915,08-12-15,English,5,32
463,As a Man Thinketh (Marathi Edition),No Subtitle,James Allen,Saurabh Gogate,216,19-11-24,Marathi,4.5,3
464,Little Women,An Audible Original Drama,Louisa May Alcott,"Emily Bauer, Laura Dern, Lauren Fortgang, Allison Hiroto, Carly Robins, Suzanne Toren",735,23-12-19,English,4.5,51
465,Those Who Leave and Those Who Stay,"The Neapolitan Novels, Book 3",Elena Ferrante,Hillary Huber,1003,15-05-15,English,4,13
466,HBR's 10 Must Reads on Mental Toughness,HBR's 10 Must Reads Series,"Harvard Business Review, Martin E. P. Seligman, Tony Schwartz, Warren G. Bennis, Robert J. Thomas","Emily Durante, Tim Paige",270,24-12-19,English,4,32
467,Kadal Pura - Part 3,No Subtitle,Sandilyan,Bombay Kannan,1143,29-12-20,Tamil,5,107
468,"No Mud, No Lotus",The Art of Transforming Suffering,Thich Nhat Hanh,Saunil Daru,216,30-01-23,English,4.5,20
469,Bridesmates,No Subtitle,Sydney Smyth,Teddy Hamilton,99,28-01-21,English,4.5,23
470,Wrecking Ball,"Diary of a Wimpy Kid, Book 14",Jeff Kinney,Dan Russell,128,05-11-19,English,4.5,99
471,The Wisdom of Your Cells,How Your Beliefs Control Your Biology,Bruce H. Lipton Ph.D.,Bruce H. Lipton,488,25-08-06,English,4.5,38
472,God Emperor of Dune,No Subtitle,Frank Herbert,Simon Vance,948,30-12-07,English,4.5,23
473,Ikigai (Hindi Edition),"दीर्घायु, तंदुरुस्त और आनंदित जीवन का जापानी रहस्य [The Japanese Secret to a Long and Happy Life]","Hector Garcia, Fransesc Miralles",Poonam Shrivastav,282,14-12-22,Hindi,4.5,197
474,Financial Intelligence,A Manager's Guide to Knowing What the Numbers Really Mean,"Karen Berman, Joe Knight",Tom Zingarelli,440,13-05-15,English,4.5,27
475,M T Yude Kathakal (Malayalam Edition),No Subtitle,M.T. Vasudevan Nair,Pallippuram Jayakumar,1253,04-03-25,Malayalam,No Rating,No Ratings_count
476,World Without End,"Kingsbridge, Book 2",Ken Follett,John Lee,2734,19-10-10,English,4.5,48
477,The Richest Man in Babylon (Tamil Edition),No Subtitle,George S. Clason,Pravin K.,245,18-12-23,Tamil,4.5,7
478,The Power of Writing It Down,A Simple Habit to Unlock Your Brain and Reimagine Your Life,Allison Fallon,Allison Fallon,359,12-01-21,English,No Rating,No Ratings_count
479,Anna Karenina,No Subtitle,Leo Tolstoy,Maggie Gyllenhaal,2135,12-07-16,English,4.5,161
480,The Sales Acceleration Formula,"Using Data, Technology, and Inbound Selling to Go from $0 to $100 Million",Mark Roberge,Robert Feifar,384,27-07-20,English,5,11
481,Vicious Prince,"Royal Elite, Book 5",Rina Kent,"Shane East, Keira Stevens",554,25-08-20,English,4.5,3
482,The Arts of Seduction,No Subtitle,Seema Anand,Swasti Shree Sharma,447,10-12-18,English,4.5,108
483,George Orwell’s 1984,An Audible Original adaptation,"George Orwell, Joe White - adaptation","Andrew Garfield, Cynthia Erivo, Andrew Scott, Tom Hardy, Chukwudi Iwuji, Romesh Ranganathan, Natasia Demetriou, Francesca Mills, Alex Lawther, Katie Leung",207,04-04-24,English,4.5,441
484,The Circadian Diabetes Code,"Discover the Right Time to Eat, Sleep and Exercise to Prevent and Reverse Prediabetes and Type 2 Diabetes",Dr. Satchin Panda,Vikas Adam,590,09-11-21,English,5,7
485,The Communist Manifesto (Hindi Edition),No Subtitle,"Karl Marx, Friedrich Engels",Abhishek Sharma,108,26-10-21,Hindi,4,16
486,Shrimad Bhagwad Gita (Hindi Edition),No Subtitle,R. R. Varma,Kumud Soney,1556,26-10-21,Hindi,4.5,191
487,The Essence of the Bhagavad Gita,Explained by Paramhansa Yogananda,Swami Kriyananda,Swami Kriyananda,1187,04-05-07,English,4.5,52
488,Yoga Nidra,The Art of Transformational Sleep,Kamini Desai PhD,Siiri Scott,917,28-02-19,English,4.5,15
489,"Change Your Thinking, Change Your Life",How to Unlock Your Full Potential for Success and Achievement,Brian Tracy,Brian Tracy,537,30-05-14,English,5,23
490,The History of Philosophy,No Subtitle,A. C. Grayling,Neil Gardner,1686,20-06-19,English,4.5,8
491,Mistletoe Murders 2,No Subtitle,Ken Cuperus,"Cobie Smulders, Raymond Ablack, Anna Cathcart, Jean Yoon, Enrico Colantoni, Kevin Hanchard, full cast",270,08-11-23,English,4.5,55
492,The Brilliant World of Tom Gates,"Tom Gates, Book 1",Liz Pichon,Rupert Grint,106,02-07-15,English,4.5,12
493,Twisted Love,"Twisted, Book 1",Ana Huang,"Cindy Kay, Aiden Snow",641,07-06-22,English,4,375
494,Maine Ram Ratan Dhan Payo,No Subtitle,OSHO,OSHO,1062,26-05-17,Hindi,5,30
495,The Other Side of Midnight,No Subtitle,Sidney Sheldon,Steven Pacey,869,19-04-16,English,4.5,57
496,Maine Gandhi Ko Kyon Mara? (Hindi Edition),No Subtitle,Nathuram Godse,Viplav Marudhar,443,02-10-24,Hindi,4.5,12
497,The Good Mother Myth,Unlearning Our Bad Ideas About How to Be a Good Mom,Nancy Reddy,Sara Sheckells,476,21-01-25,English,No Rating,No Ratings_count
498,The Hidden Power of Gayatri Mantra,How to Realize Your Full Potential Through Daily Practice,Om Swami,Zubin Balaporia,235,04-11-24,English,4.5,18
499,"Saans Ke Rahasya: Jo Chahein, So Paayein (Hindi Edition)",No Subtitle,Rajeev Saxena,Rajeev Saxena,397,28-08-24,Hindi,5,50
